gender,SeniorCitizen,tenure,MonthlyCharges,TotalCharges,Contract,PaymentMethod
Female,1.5982143e-12,19.603573,97.63535,1572.8608,Month-to-month,Credit card (automatic)
Male,0.0,19.659662,67.12803,1573.8201,One year,Bank transfer (automatic)
Male,2.4579543e-24,5.561403,74.642494,191.09178,Month-to-month,Credit card (automatic)
Male,0.0,34.401337,106.7945,4261.94,One year,Bank transfer (automatic)
Male,0.0,9.773802,23.617153,289.7048,One year,Bank transfer (automatic)
Female,3.9152617e-10,34.623962,104.45204,3316.6091,One year,Credit card (automatic)
Male,0.0,7.3134646,83.69161,709.84906,Month-to-month,Credit card (automatic)
Male,0.0,1.3239485,55.31332,32.542934,Month-to-month,Credit card (automatic)
Female,0.0,3.4823587,25.95919,66.57956,One year,Credit card (automatic)
Male,0.0,3.5869968,74.6212,180.23146,Month-to-month,Credit card (automatic)
Female,5.1574488e-11,25.338507,96.86171,2286.7974,One year,Credit card (automatic)
Male,0.0,14.424049,28.921772,512.6329,One year,Bank transfer (automatic)
Male,1.1199587e-24,47.65902,112.929825,5852.4717,One year,Bank transfer (automatic)
Male,0.0,21.70946,68.696785,1626.3347,One year,Bank transfer (automatic)
Female,0.0,2.8562226,87.53532,108.515045,Month-to-month,Credit card (automatic)
Female,2.4523825e-12,8.053168,82.11543,306.8926,Month-to-month,Credit card (automatic)
Male,0.0,15.04917,88.732864,1134.7832,One year,Credit card (automatic)
Male,0.0,25.415226,97.69531,2859.2795,One year,Bank transfer (automatic)
Female,0.0,3.7292676,50.281605,108.31255,Month-to-month,Credit card (automatic)
Male,0.0,41.49324,116.18935,5758.148,One year,Bank transfer (automatic)
Male,2.6722921e-38,13.881062,89.623695,1118.351,Month-to-month,Credit card (automatic)
Female,2.3506752e-10,21.052338,85.51107,1390.2579,Month-to-month,Credit card (automatic)
Male,0.0,37.580597,114.73785,5010.921,One year,Bank transfer (automatic)
Female,0.0,1.92329,87.311554,38.77593,Month-to-month,Credit card (automatic)
Male,0.0,3.6299593,78.074066,180.60677,Month-to-month,Credit card (automatic)
Female,3.1476889e-28,10.347136,89.47602,504.848,Month-to-month,Credit card (automatic)
Male,0.0,1.0766702,46.03748,19.646112,Month-to-month,Credit card (automatic)
Female,2.6183717e-27,27.149994,91.5193,2233.236,One year,Credit card (automatic)
Female,4.9412173e-20,39.175182,109.27683,4044.1812,One year,Credit card (automatic)
Male,0.0,26.895374,65.45826,1684.8655,One year,Bank transfer (automatic)
Female,1.5954717e-25,2.3432176,89.48039,48.67664,Month-to-month,Credit card (automatic)
Male,0.0,36.048027,102.39332,3434.3296,One year,Credit card (automatic)
Female,5.622102e-26,28.01156,69.94064,2069.876,One year,Bank transfer (automatic)
Female,0.9999993,52.390823,108.68593,5672.698,One year,Bank transfer (automatic)
Male,0.0,28.90867,86.22012,2469.6885,One year,Bank transfer (automatic)
Male,0.0,3.4636781,74.10039,234.79504,Month-to-month,Credit card (automatic)
Male,0.0,1.3862044,67.670616,30.959103,Month-to-month,Credit card (automatic)
Male,0.0,11.239079,92.359955,740.1836,Month-to-month,Credit card (automatic)
Male,0.0,6.8266687,37.520042,201.8642,One year,Credit card (automatic)
Female,6.760685e-32,2.4876428,77.70375,48.800564,Month-to-month,Credit card (automatic)
Male,0.0,26.485117,76.49235,2050.9626,One year,Credit card (automatic)
Male,0.0,1.3218944,51.43497,27.296373,Month-to-month,Credit card (automatic)
Female,0.0,12.861856,46.030254,605.52856,One year,Credit card (automatic)
Male,0.0,4.0852637,87.662094,315.83658,Month-to-month,Credit card (automatic)
Female,0.0,7.3548765,22.320625,133.45418,One year,Credit card (automatic)
Female,3.6225273e-08,4.9257913,82.979805,168.1925,Month-to-month,Credit card (automatic)
Female,7.531587e-19,5.0728836,75.32935,133.89809,Month-to-month,Credit card (automatic)
Male,0.0,6.9563184,67.16729,514.5924,One year,Credit card (automatic)
Male,1.2620876e-26,36.642757,107.24139,4452.228,One year,Bank transfer (automatic)
Female,1.1957966e-06,55.96437,114.76146,6518.9453,One year,Bank transfer (automatic)
Male,0.0,30.598835,97.956345,3042.0505,One year,Credit card (automatic)
Male,1.3257422e-27,51.34612,115.79609,5888.9707,One year,Bank transfer (automatic)
Male,0.0,6.334262,80.4119,398.04047,Month-to-month,Credit card (automatic)
Female,1.7528886e-07,37.734264,99.124405,3617.1333,One year,Credit card (automatic)
Male,0.0,43.59515,116.13456,5935.96,One year,Bank transfer (automatic)
Male,0.0,5.498189,29.915117,180.08362,One year,Credit card (automatic)
Female,7.473443e-16,1.698188,59.55295,26.840445,Month-to-month,Credit card (automatic)
Female,0.0,3.3092167,18.843134,38.94803,One year,Credit card (automatic)
Male,0.0,14.137044,66.86477,1009.2756,One year,Bank transfer (automatic)
Male,0.0,1.5210975,55.72013,29.601662,Month-to-month,Credit card (automatic)
Male,0.0,29.371893,99.77642,3076.8784,One year,Bank transfer (automatic)
Male,0.0,21.13272,91.18977,1593.4564,One year,Credit card (automatic)
Female,6.835033e-31,26.890093,64.87598,1619.9293,One year,Credit card (automatic)
Female,0.002416183,46.818348,106.172714,5081.026,One year,Bank transfer (automatic)
Female,9.460091e-22,15.521534,93.89237,1242.2156,Month-to-month,Credit card (automatic)
Female,1.6823898e-09,39.618958,85.70497,3291.6587,One year,Bank transfer (automatic)
Male,0.0,9.145106,21.19043,131.64134,One year,Credit card (automatic)
Male,0.0,2.5841002,64.50712,167.06683,Month-to-month,Credit card (automatic)
Female,0.0,1.4257772,78.58066,23.920145,Month-to-month,Credit card (automatic)
Female,0.0,5.102496,90.62029,202.31801,Month-to-month,Credit card (automatic)
Male,0.0,51.113743,114.76951,6227.259,One year,Bank transfer (automatic)
Female,2.8331206e-36,5.4841933,85.057,219.53925,Month-to-month,Credit card (automatic)
Male,3.174093e-37,40.22857,103.66085,3877.4639,One year,Credit card (automatic)
Female,1.3943023e-29,7.411226,91.79321,324.75922,Month-to-month,Credit card (automatic)
Female,0.99998474,47.560074,103.57138,4697.9434,One year,Credit card (automatic)
Male,0.0,19.380243,93.14012,1598.4343,Month-to-month,Credit card (automatic)
Female,1.0,55.16077,105.278564,5255.4995,One year,Bank transfer (automatic)
Female,1.257314e-29,7.4521546,93.393364,486.4181,Month-to-month,Credit card (automatic)
Female,0.0,18.704807,57.296955,1071.8943,One year,Credit card (automatic)
Female,0.008185366,48.189804,105.45721,4983.1226,One year,Bank transfer (automatic)
Female,1.2734988e-37,26.588568,78.21373,1682.9015,One year,Credit card (automatic)
Female,6.779798e-24,30.343737,104.00541,2650.27,One year,Credit card (automatic)
Male,0.0,34.42666,103.46129,3688.1018,One year,Bank transfer (automatic)
Male,1.189015e-32,12.512538,89.36116,813.95746,Month-to-month,Credit card (automatic)
Male,0.0,4.1060605,37.088715,103.06917,One year,Credit card (automatic)
Male,0.0,28.9771,99.782036,2664.7466,One year,Credit card (automatic)
Male,0.0,1.5694059,51.98198,29.658028,Month-to-month,Credit card (automatic)
Male,0.0,39.336575,113.04086,5165.7163,One year,Bank transfer (automatic)
Female,0.0,19.963293,55.288162,1174.7103,One year,Bank transfer (automatic)
Female,0.99999976,27.925045,90.47027,2188.7769,Month-to-month,Credit card (automatic)
Female,3.816587e-09,7.5569468,81.92913,249.10648,Month-to-month,Credit card (automatic)
Male,0.0,14.869707,90.11456,1377.5903,Month-to-month,Credit card (automatic)
Female,3.852446e-39,32.887077,104.115746,3653.619,One year,Bank transfer (automatic)
Male,1.4092358e-16,17.167913,90.10422,1155.6011,Month-to-month,Credit card (automatic)
Female,2.0244923e-14,41.05727,107.68009,4894.958,One year,Bank transfer (automatic)
Female,2.9082414e-34,28.453821,71.68651,2025.5685,One year,Bank transfer (automatic)
Female,0.0,21.586166,88.59584,1874.421,One year,Bank transfer (automatic)
Male,0.0,1.8047833,67.76204,81.214714,Month-to-month,Credit card (automatic)
Male,0.0,43.318523,110.2871,5094.761,One year,Credit card (automatic)
Male,0.0,8.771185,33.299446,379.67737,One year,Bank transfer (automatic)
Female,0.99952316,21.947943,82.48009,1484.9615,Month-to-month,Credit card (automatic)
Male,0.0,19.46898,59.07244,1184.4022,One year,Credit card (automatic)
Male,0.0,40.605736,113.95969,5262.3433,One year,Bank transfer (automatic)
Male,0.0,5.549999,44.064457,326.3551,One year,Credit card (automatic)
Male,0.0,4.02449,77.6524,157.88127,Month-to-month,Credit card (automatic)
Male,0.0,32.46159,84.07942,2742.0464,One year,Bank transfer (automatic)
Female,6.3639063e-09,43.376293,101.5427,4260.263,One year,Credit card (automatic)
Female,2.7548593e-12,46.268444,104.163086,4705.3623,One year,Bank transfer (automatic)
Male,2.8086926e-29,20.067924,94.24187,1855.1812,Month-to-month,Credit card (automatic)
Male,0.0,39.157536,106.00204,4485.8613,One year,Bank transfer (automatic)
Female,0.0,10.956433,46.232224,425.02307,One year,Credit card (automatic)
Female,2.0724243e-20,40.074074,106.19904,4332.5522,One year,Bank transfer (automatic)
Female,0.01052702,47.369694,108.57125,4728.808,One year,Credit card (automatic)
Male,0.0,18.729462,47.540676,693.7197,One year,Credit card (automatic)
Female,0.16957073,21.984344,98.73429,1738.2622,Month-to-month,Credit card (automatic)
Female,0.0,25.874609,99.72367,2355.3916,One year,Credit card (automatic)
Male,0.0,33.06194,97.763535,3115.3274,One year,Credit card (automatic)
Female,3.428592e-14,27.30187,95.70416,2566.5452,One year,Credit card (automatic)
Female,5.658381e-25,31.309101,101.35627,3570.247,One year,Bank transfer (automatic)
Female,0.0,16.569233,59.19266,1076.8291,One year,Bank transfer (automatic)
Female,0.9999994,48.04212,103.239204,4865.3213,One year,Credit card (automatic)
Female,0.0,1.4975349,18.262909,20.480371,One year,Bank transfer (automatic)
Male,0.0,14.835581,41.27964,500.0168,One year,Credit card (automatic)
Female,0.0,1.9525785,18.511408,29.712414,One year,Bank transfer (automatic)
Male,0.0,30.059769,101.46526,3210.963,One year,Credit card (automatic)
Female,8.141212e-30,18.982307,38.0892,823.8161,One year,Bank transfer (automatic)
Female,5.418187e-13,2.0820682,86.28548,37.179485,Month-to-month,Credit card (automatic)
Female,3.2569342e-37,28.167635,95.95528,2617.1765,One year,Credit card (automatic)
Male,2.4395726e-30,22.40426,95.98656,2285.786,Month-to-month,Credit card (automatic)
Male,0.0,5.414773,19.685091,76.736374,One year,Credit card (automatic)
Male,0.0,8.334682,27.88828,307.02283,One year,Bank transfer (automatic)
Male,0.0,1.1835458,38.370464,36.408283,Month-to-month,Credit card (automatic)
Female,2.9363655e-20,25.47152,65.66562,1761.7677,One year,Bank transfer (automatic)
Male,0.0,2.5924485,69.39711,127.015915,Month-to-month,Credit card (automatic)
Male,0.0,3.0428944,18.325077,34.671158,One year,Bank transfer (automatic)
Male,0.0,4.5951824,81.36528,314.1214,Month-to-month,Credit card (automatic)
Female,3.630708e-39,2.2222424,76.37312,42.905777,Month-to-month,Credit card (automatic)
Male,0.0,1.4804122,64.989716,32.33821,Month-to-month,Credit card (automatic)
Female,4.7800188e-32,20.69159,91.16463,1677.3302,One year,Credit card (automatic)
Male,0.0,1.55294,56.49352,30.335032,Month-to-month,Credit card (automatic)
Male,2.1417072e-32,18.379375,92.274734,1674.7643,Month-to-month,Credit card (automatic)
Female,0.0,2.3928196,75.65142,57.475163,Month-to-month,Credit card (automatic)
Female,2.8750976e-13,38.453735,97.73733,3644.158,One year,Credit card (automatic)
Male,0.0,1.2815137,64.606186,24.570477,Month-to-month,Credit card (automatic)
Male,0.0,30.852251,85.73417,2640.8064,One year,Bank transfer (automatic)
Female,0.0,7.4570136,20.615438,107.378204,One year,Credit card (automatic)
Female,0.0,5.2364483,22.555595,137.7791,One year,Bank transfer (automatic)
Female,1.4605067e-06,42.172665,103.23137,4362.781,One year,Credit card (automatic)
Female,1.2348176e-28,2.7353036,81.10682,53.105755,Month-to-month,Credit card (automatic)
Male,0.0,24.168774,85.3025,1606.5521,One year,Credit card (automatic)
Male,0.0,27.770353,92.65009,2523.0146,One year,Credit card (automatic)
Male,0.0,13.88407,90.54073,1171.9154,Month-to-month,Credit card (automatic)
Male,0.0,17.979265,46.993233,1018.7541,One year,Bank transfer (automatic)
Female,2.9945723e-12,7.7125254,86.436,337.14078,Month-to-month,Credit card (automatic)
Female,0.0,21.299923,94.89383,1619.0803,One year,Credit card (automatic)
Male,0.0,9.7488575,27.980082,356.18515,One year,Bank transfer (automatic)
Male,0.0,2.4621,70.07877,126.7751,Month-to-month,Credit card (automatic)
Female,2.4662965e-15,41.472122,105.69053,4896.953,One year,Bank transfer (automatic)
Female,3.0092726e-14,7.513602,91.92632,456.04227,Month-to-month,Credit card (automatic)
Female,0.025723541,51.921246,108.5332,5315.4785,One year,Credit card (automatic)
Female,0.0,8.712811,21.530483,170.6501,One year,Bank transfer (automatic)
Male,0.0,3.6018624,74.78138,219.96312,Month-to-month,Credit card (automatic)
Male,0.0,27.057327,90.15418,2308.7104,One year,Bank transfer (automatic)
Male,0.0,1.5032527,63.379196,26.904598,Month-to-month,Credit card (automatic)
Male,0.0,32.233868,100.95678,3691.6448,One year,Bank transfer (automatic)
Male,0.0,2.0955617,69.19621,62.335007,Month-to-month,Credit card (automatic)
Male,6.227567e-14,48.74615,111.02103,5452.749,One year,Bank transfer (automatic)
Male,0.0,25.31482,77.517136,1821.4542,One year,Bank transfer (automatic)
Female,3.605205e-39,14.301058,30.494184,481.34933,One year,Credit card (automatic)
Female,2.3157017e-25,1.6550126,62.990795,28.397835,Month-to-month,Credit card (automatic)
Male,0.0,7.090543,88.377884,482.38358,Month-to-month,Credit card (automatic)
Male,0.0,9.576523,22.81013,213.0021,One year,Credit card (automatic)
Female,0.99900526,44.321373,101.13645,4478.2563,One year,Bank transfer (automatic)
Female,0.003933077,10.178378,78.46352,396.00446,Month-to-month,Credit card (automatic)
Male,0.0,5.4897513,84.26418,412.09607,Month-to-month,Credit card (automatic)
Female,2.1492303e-38,23.252499,70.33713,1778.6143,One year,Bank transfer (automatic)
Female,0.0,2.6966102,77.93065,86.50745,Month-to-month,Credit card (automatic)
Female,0.0,26.752449,90.93727,2152.7356,One year,Credit card (automatic)
Male,0.0,21.728336,85.329605,1999.3551,One year,Bank transfer (automatic)
Male,0.0,16.118233,54.96787,933.9516,One year,Bank transfer (automatic)
Male,9.937126e-34,34.642307,99.880005,3177.5244,One year,Credit card (automatic)
Male,0.0,7.326402,37.40406,238.7661,One year,Credit card (automatic)
Male,0.0,37.95469,108.874214,4098.251,One year,Credit card (automatic)
Male,0.0,37.200714,105.4506,3482.4902,One year,Credit card (automatic)
Male,0.0,49.460484,116.64814,6324.192,One year,Bank transfer (automatic)
Male,0.0,6.056649,73.70594,657.7903,One year,Credit card (automatic)
Male,0.0,28.34339,78.788605,2320.0454,One year,Bank transfer (automatic)
Male,0.0,4.609078,18.986052,77.39222,One year,Bank transfer (automatic)
Male,0.0,6.2358074,83.17945,384.57816,Month-to-month,Credit card (automatic)
Female,0.99982494,5.5766106,84.34228,180.07072,Month-to-month,Credit card (automatic)
Male,0.0,25.48264,84.53274,1883.2081,One year,Credit card (automatic)
Male,0.0,33.253345,96.86736,3191.594,One year,Bank transfer (automatic)
Male,0.0,39.176872,102.89414,3868.674,One year,Bank transfer (automatic)
Female,1.5434222e-06,51.77618,110.51575,5927.727,One year,Bank transfer (automatic)
Female,3.8848364e-18,5.6252604,85.9722,188.21814,Month-to-month,Credit card (automatic)
Male,0.0,33.661728,100.37147,2996.6165,One year,Credit card (automatic)
Female,1.3998442e-15,7.700487,101.779655,391.41275,Month-to-month,Credit card (automatic)
Male,0.0,2.70834,76.91856,69.2548,Month-to-month,Credit card (automatic)
Female,0.0008860057,42.80038,104.99874,4170.0376,One year,Credit card (automatic)
Female,1.4791525e-09,30.063831,95.88839,2834.0208,One year,Credit card (automatic)
Female,0.0,8.552616,21.17436,176.07472,One year,Bank transfer (automatic)
Male,0.0,13.146019,37.54623,602.1389,One year,Bank transfer (automatic)
Male,0.0,27.96973,77.04867,1935.1721,One year,Credit card (automatic)
Female,0.0,1.8920908,90.172356,54.0479,Month-to-month,Credit card (automatic)
Female,0.99982786,19.055632,99.90448,1353.9904,Month-to-month,Credit card (automatic)
Male,5.311164e-38,41.67459,110.0166,4948.1255,One year,Bank transfer (automatic)
Male,0.0,5.9186034,20.60602,142.52309,One year,Bank transfer (automatic)
Male,0.0,22.630854,66.291084,1637.8047,One year,Bank transfer (automatic)
Male,0.0,38.2848,98.43203,3814.4216,One year,Bank transfer (automatic)
Male,0.0,1.0826868,44.40088,21.252148,Month-to-month,Credit card (automatic)
Male,0.0,18.907598,66.29964,1091.602,One year,Credit card (automatic)
Female,0.0,1.6471827,80.41893,37.59329,Month-to-month,Credit card (automatic)
Male,0.0,4.136325,77.129845,151.43204,Month-to-month,Credit card (automatic)
Female,2.975898e-37,13.732413,32.503273,453.21426,One year,Credit card (automatic)
Male,0.0,2.3270981,68.52623,74.02533,Month-to-month,Credit card (automatic)
Female,0.90320164,51.256,105.01881,5154.7866,One year,Bank transfer (automatic)
Male,0.0,3.9797728,73.15067,330.32825,Month-to-month,Credit card (automatic)
Female,7.871614e-11,41.260338,107.20796,4095.7659,One year,Credit card (automatic)
Female,0.0,3.3859816,84.28739,127.51689,Month-to-month,Credit card (automatic)
Female,0.99999,37.912224,101.3529,3682.214,One year,Credit card (automatic)
Female,2.4033885e-17,23.610989,95.197395,2026.4368,Month-to-month,Credit card (automatic)
Female,8.666277e-37,1.7378032,81.243576,28.45297,Month-to-month,Credit card (automatic)
Female,0.98828274,46.896233,106.64449,4551.5176,One year,Credit card (automatic)
Female,4.228295e-12,30.083326,98.30751,2796.9702,One year,Credit card (automatic)
Male,0.0,16.998692,76.12814,1534.7695,One year,Credit card (automatic)
Female,5.134225e-38,17.816626,76.63757,1094.8738,One year,Credit card (automatic)
Female,7.242019e-12,37.402996,89.65427,3452.3335,One year,Bank transfer (automatic)
Male,2.6885082e-31,4.9429865,74.58418,173.62624,Month-to-month,Credit card (automatic)
Female,0.0,12.382338,29.338814,382.3562,One year,Credit card (automatic)
Male,0.0,12.392537,93.42478,1225.291,Month-to-month,Credit card (automatic)
Male,0.0,1.2155551,59.148705,23.862736,Month-to-month,Credit card (automatic)
Female,6.8811827e-31,4.5371385,86.66481,139.23387,Month-to-month,Credit card (automatic)
Female,5.3873166e-38,19.106909,48.470047,1016.7572,One year,Bank transfer (automatic)
Male,4.258238e-13,50.03102,114.03102,6040.8643,One year,Bank transfer (automatic)
Female,1.2318324e-13,20.8837,99.190285,1869.6432,One year,Credit card (automatic)
Male,0.0,11.5571785,24.918753,356.28116,One year,Bank transfer (automatic)
Male,1.5640981e-34,4.1544247,83.34011,132.58644,Month-to-month,Credit card (automatic)
Male,0.0,29.441784,76.118225,2436.5483,One year,Bank transfer (automatic)
Female,5.6595756e-15,44.50283,105.789406,4334.214,One year,Credit card (automatic)
Female,8.887116e-19,34.49806,82.91959,2796.4158,One year,Bank transfer (automatic)
Female,8.959839e-16,13.9144945,95.16116,1036.0007,Month-to-month,Credit card (automatic)
Female,8.7671264e-15,11.180416,91.99862,791.458,Month-to-month,Credit card (automatic)
Female,1.1238244e-11,37.21621,96.970795,3463.5083,One year,Credit card (automatic)
Male,0.0,14.2411175,80.86341,1224.1577,One year,Credit card (automatic)
Female,3.888609e-22,15.544388,93.13824,1252.634,Month-to-month,Credit card (automatic)
Male,0.0,14.230222,45.371223,823.82166,One year,Bank transfer (automatic)
Female,0.0,14.09054,23.406721,289.31668,One year,Bank transfer (automatic)
Female,8.7151866e-20,33.066856,105.26812,3214.6284,One year,Credit card (automatic)
Female,1.517834e-33,18.591671,92.98433,1411.0414,One year,Credit card (automatic)
Male,0.0,6.4062037,88.33451,433.3598,Month-to-month,Credit card (automatic)
Female,1.0,52.216183,110.64613,5170.33,One year,Credit card (automatic)
Female,0.0,8.590015,31.017384,221.57057,One year,Credit card (automatic)
Female,0.9999758,49.224083,103.977036,5118.3247,One year,Bank transfer (automatic)
Male,0.0,18.93094,84.70083,1820.8584,One year,Credit card (automatic)
Male,0.0,2.6599545,73.10316,62.30773,Month-to-month,Credit card (automatic)
Female,0.0,4.6951685,84.645096,149.97075,Month-to-month,Credit card (automatic)
Female,0.99977034,7.3981795,85.33787,284.7816,Month-to-month,Credit card (automatic)
Male,0.0,37.248337,114.22334,5132.8247,One year,Bank transfer (automatic)
Female,7.574269e-16,34.422985,90.64706,3162.6492,One year,Bank transfer (automatic)
Female,1.0743024e-28,2.1944916,76.458015,39.663734,Month-to-month,Credit card (automatic)
Female,6.189871e-11,34.892563,102.60509,3484.736,One year,Credit card (automatic)
Female,0.0,4.121779,82.12048,127.20941,Month-to-month,Credit card (automatic)
Female,1.0,34.29064,94.73583,2634.8206,Month-to-month,Credit card (automatic)
Male,0.0,14.500549,94.95462,1857.3322,One year,Credit card (automatic)
Male,6.920704e-14,18.078917,85.73316,1163.828,Month-to-month,Credit card (automatic)
Male,0.0,2.0820327,74.97041,66.01128,Month-to-month,Credit card (automatic)
Female,0.0,11.530702,80.96709,654.5252,One year,Credit card (automatic)
Male,1.8070118e-23,8.164961,80.72995,361.25165,Month-to-month,Credit card (automatic)
Female,4.1885632e-30,25.551006,97.78422,2076.7742,One year,Credit card (automatic)
Male,3.899105e-25,36.32378,102.503624,3450.343,One year,Credit card (automatic)
Female,9.651715e-30,9.3910675,86.55889,559.0458,Month-to-month,Credit card (automatic)
Male,0.0,1.3230547,60.537983,25.930521,Month-to-month,Credit card (automatic)
Female,1.0,55.26537,110.19998,5097.6475,One year,Credit card (automatic)
Female,0.00017865894,45.156593,104.09442,4813.121,One year,Bank transfer (automatic)
Female,4.7243587e-20,37.42758,102.21448,3471.9807,One year,Credit card (automatic)
Female,0.9400986,49.028194,105.25549,4928.482,One year,Credit card (automatic)
Male,0.0,28.108212,75.39716,1970.1598,One year,Credit card (automatic)
Female,0.0,10.796212,25.951492,328.59717,One year,Bank transfer (automatic)
Female,3.3474148e-20,6.241434,77.00269,191.88716,Month-to-month,Credit card (automatic)
Male,0.0,2.1915853,57.149937,54.839706,Month-to-month,Credit card (automatic)
Male,0.0,1.9714476,80.91173,72.42881,Month-to-month,Credit card (automatic)
Female,1.3144364e-07,9.623737,88.5239,448.64703,Month-to-month,Credit card (automatic)
Male,1.364902e-19,42.164722,102.606285,4379.195,One year,Bank transfer (automatic)
Male,0.0,13.562519,39.432735,440.78015,One year,Credit card (automatic)
Male,0.0,19.611946,46.886005,1082.15,One year,Bank transfer (automatic)
Male,0.0,11.807163,79.54326,1414.7495,One year,Credit card (automatic)
Female,0.0,1.7568858,78.8922,37.23913,Month-to-month,Credit card (automatic)
Male,0.0,23.545452,66.21092,1426.9731,One year,Credit card (automatic)
Male,0.0,17.256487,95.764595,1138.9908,One year,Credit card (automatic)
Male,0.0,38.831,110.90519,4808.5,One year,Bank transfer (automatic)
Female,7.469337e-24,7.4169154,79.03611,273.8761,Month-to-month,Credit card (automatic)
Female,0.0,16.550068,34.590813,620.208,One year,Bank transfer (automatic)
Female,3.2568861e-21,7.3353987,88.21832,269.63983,Month-to-month,Credit card (automatic)
Female,0.0,3.2908525,40.827694,71.34968,One year,Credit card (automatic)
Male,0.0,15.289379,35.07268,674.7559,One year,Bank transfer (automatic)
Male,0.0,30.1375,92.34691,2670.3691,One year,Bank transfer (automatic)
Female,0.0,2.082706,78.792244,58.708065,Month-to-month,Credit card (automatic)
Male,0.0,3.5911908,18.370304,39.15264,One year,Bank transfer (automatic)
Female,0.0,14.971028,44.857124,786.8869,One year,Bank transfer (automatic)
Female,1.0,57.366627,107.453575,5567.237,One year,Credit card (automatic)
Male,0.0,14.743744,73.281944,1182.8938,One year,Credit card (automatic)
Female,0.9974075,17.176376,80.80359,945.7049,Month-to-month,Credit card (automatic)
Female,7.7837625e-23,2.1978703,81.285576,37.758816,Month-to-month,Credit card (automatic)
Female,3.1802445e-14,15.713738,98.50659,1217.8022,Month-to-month,Credit card (automatic)
Female,1.016221e-14,10.616634,85.000145,464.49164,Month-to-month,Credit card (automatic)
Male,0.0,4.02817,18.74375,43.209824,One year,Credit card (automatic)
Male,0.0,11.444002,48.335056,638.8359,One year,Bank transfer (automatic)
Female,1.57126e-22,14.246876,91.01337,913.5761,Month-to-month,Credit card (automatic)
Female,3.2978754e-24,10.348324,89.374695,567.05835,Month-to-month,Credit card (automatic)
Female,1.5161285e-16,13.201515,95.40788,942.09485,Month-to-month,Credit card (automatic)
Female,1.2965855e-07,42.66888,98.30224,4322.866,One year,Bank transfer (automatic)
Female,3.7352495e-36,21.408861,90.72096,1782.9946,One year,Credit card (automatic)
Female,0.0,15.474399,49.71508,623.8889,One year,Credit card (automatic)
Female,0.0,15.129687,102.113396,1278.3861,One year,Credit card (automatic)
Male,0.0,4.2258654,18.71461,60.10205,One year,Bank transfer (automatic)
Female,4.448406e-23,13.246217,90.405914,939.51,Month-to-month,Credit card (automatic)
Female,4.5677303e-22,28.151646,90.69334,2495.4695,One year,Credit card (automatic)
Male,0.0,2.7214262,71.18786,164.90927,Month-to-month,Credit card (automatic)
Male,0.0,3.801084,21.675741,71.74054,One year,Credit card (automatic)
Female,1.0330259e-25,26.990543,89.94011,2341.7715,One year,Credit card (automatic)
Female,6.4906824e-25,38.06655,106.38065,3701.4675,One year,Credit card (automatic)
Male,0.0,7.7211523,74.0294,827.0801,One year,Credit card (automatic)
Female,6.555031e-32,3.3680816,85.990456,86.08877,Month-to-month,Credit card (automatic)
Female,2.6367887e-24,25.579021,98.11649,2179.9026,One year,Credit card (automatic)
Female,0.0,9.834312,74.86734,563.8602,One year,Credit card (automatic)
Female,1.6116464e-05,50.17,108.64155,5152.0483,One year,Credit card (automatic)
Male,0.0,5.2752056,80.38292,310.87634,Month-to-month,Credit card (automatic)
Male,1.707045e-29,48.166954,113.944756,5973.077,One year,Bank transfer (automatic)
Male,2.819072e-37,34.454998,98.55349,3556.9639,One year,Bank transfer (automatic)
Female,1.0911064e-23,1.6749697,62.177418,27.063211,Month-to-month,Credit card (automatic)
Female,3.966916e-26,6.9238253,88.16765,342.60614,Month-to-month,Credit card (automatic)
Male,0.0,2.1507611,18.255747,21.403656,One year,Bank transfer (automatic)
Male,3.056956e-31,46.534927,112.41591,5099.473,One year,Credit card (automatic)
Female,1.7673978e-36,8.429249,92.000656,414.95828,Month-to-month,Credit card (automatic)
Female,0.0,10.585405,22.719816,209.46623,One year,Bank transfer (automatic)
Male,0.0,1.2194482,54.401627,25.379534,Month-to-month,Credit card (automatic)
Male,0.0,27.928217,78.90506,2100.3125,One year,Bank transfer (automatic)
Male,3.3845525e-25,49.777946,114.514694,6075.6895,One year,Bank transfer (automatic)
Female,2.1978714e-18,16.362717,100.105705,1429.5337,Month-to-month,Credit card (automatic)
Female,0.0,1.0318831,44.195103,18.970285,Month-to-month,Credit card (automatic)
Male,0.0,6.553302,81.67361,474.81522,Month-to-month,Credit card (automatic)
Male,0.0,9.980273,21.376928,131.62881,One year,Credit card (automatic)
Female,0.7275726,55.435944,113.77152,6362.692,One year,Bank transfer (automatic)
Male,0.0,18.230639,74.70797,1113.2927,One year,Credit card (automatic)
Male,0.0,1.7158766,63.33015,39.859314,Month-to-month,Credit card (automatic)
Male,0.0,34.475616,105.34518,3895.2156,One year,Bank transfer (automatic)
Male,0.0,7.5663013,30.544418,304.3415,One year,Bank transfer (automatic)
Male,0.0,38.236713,112.86366,4490.367,One year,Bank transfer (automatic)
Female,1.3706126e-38,18.375536,51.176754,1122.5734,One year,Bank transfer (automatic)
Female,9.379297e-33,37.094383,108.856575,4433.9556,One year,Bank transfer (automatic)
Female,0.0,1.4681194,79.04792,27.402908,Month-to-month,Credit card (automatic)
Female,5.6089673e-05,46.835205,107.27137,5327.8174,One year,Bank transfer (automatic)
Female,0.0,17.221611,49.604706,914.7059,One year,Bank transfer (automatic)
Male,0.0,3.7009048,69.94308,361.43246,Month-to-month,Credit card (automatic)
Female,0.9830193,14.691585,80.10024,780.1437,Month-to-month,Credit card (automatic)
Male,0.0,17.34103,50.340958,966.2371,One year,Bank transfer (automatic)
Female,0.0,9.982142,42.05063,377.81848,One year,Credit card (automatic)
Female,1.3744955e-26,31.933971,102.12945,3013.5012,One year,Credit card (automatic)
Male,8.5521306e-35,19.996065,100.97673,1876.5314,Month-to-month,Credit card (automatic)
Female,0.0,7.5216084,21.624226,141.95267,One year,Bank transfer (automatic)
Male,0.0,37.856186,113.44138,5403.5474,One year,Bank transfer (automatic)
Female,0.0,8.042481,30.708395,284.43823,One year,Bank transfer (automatic)
Male,0.0,18.478401,45.37079,998.2518,One year,Bank transfer (automatic)
Female,2.1122073e-16,33.19577,92.79943,3134.6045,One year,Bank transfer (automatic)
Female,1.0,51.717056,104.000725,4906.5127,One year,Credit card (automatic)
Female,3.5359507e-36,15.479758,32.53784,623.2451,One year,Bank transfer (automatic)
Female,5.2231105e-08,8.367234,89.82391,406.07938,Month-to-month,Credit card (automatic)
Female,0.0,1.525151,83.14232,30.375208,Month-to-month,Credit card (automatic)
Male,0.0,1.0647705,37.83949,19.578749,Month-to-month,Credit card (automatic)
Male,0.0,39.209446,103.34747,4030.6184,One year,Bank transfer (automatic)
Female,0.0,2.0242734,18.363455,24.115858,One year,Credit card (automatic)
Female,8.573681e-37,23.175674,94.22004,1769.4662,One year,Credit card (automatic)
Male,0.0,10.801647,23.105549,287.54083,One year,Bank transfer (automatic)
Female,3.2349848e-12,44.492397,107.7168,5003.124,One year,Bank transfer (automatic)
Female,1.2774358e-21,46.18193,112.84336,5490.3,One year,Bank transfer (automatic)
Male,0.0,13.101299,30.15568,429.72668,One year,Credit card (automatic)
Female,0.9203661,25.746098,97.08279,2250.258,Month-to-month,Credit card (automatic)
Female,1.02233156e-25,15.106716,97.732124,1294.554,Month-to-month,Credit card (automatic)
Male,0.0,11.562344,88.064545,1057.3656,Month-to-month,Credit card (automatic)
Male,0.0,6.0592575,48.435093,411.47388,One year,Credit card (automatic)
Female,0.0,6.697398,85.14076,396.9635,Month-to-month,Credit card (automatic)
Female,3.0461666e-15,4.6857667,87.26927,229.7819,Month-to-month,Credit card (automatic)
Male,0.0,3.7623863,83.83092,253.05945,Month-to-month,Credit card (automatic)
Female,0.31193578,10.256982,88.512856,532.83673,Month-to-month,Credit card (automatic)
Female,2.9208837e-11,38.413322,108.35272,3856.6555,One year,Credit card (automatic)
Male,4.9100956e-30,5.491643,82.45607,218.33846,Month-to-month,Credit card (automatic)
Female,0.0,13.522206,39.68192,565.21954,One year,Credit card (automatic)
Female,1.2997526e-20,14.819898,102.11294,1217.1708,Month-to-month,Credit card (automatic)
Male,2.2922355e-25,48.320103,110.99186,5346.9688,One year,Bank transfer (automatic)
Male,2.9130336e-22,35.81897,98.157486,3501.1318,One year,Credit card (automatic)
Female,1.0,61.27505,114.01719,6388.51,One year,Credit card (automatic)
Male,0.0,1.4377059,61.257282,31.253887,Month-to-month,Credit card (automatic)
Female,3.307818e-05,39.052223,104.28567,3878.7266,One year,Credit card (automatic)
Female,1.064093e-14,19.952755,96.824066,1879.4247,Month-to-month,Credit card (automatic)
Female,0.0,17.03587,50.909542,782.8842,One year,Credit card (automatic)
Male,0.0,1.7380354,56.256447,59.600548,Month-to-month,Credit card (automatic)
Male,0.0,2.2628384,64.053406,51.967796,Month-to-month,Credit card (automatic)
Male,0.0,5.433807,20.233698,116.83483,One year,Bank transfer (automatic)
Female,1.0740119e-20,22.232597,38.032494,914.7432,One year,Bank transfer (automatic)
Male,0.0,1.8429086,53.23361,71.46851,Month-to-month,Credit card (automatic)
Female,1.0,53.87181,103.535385,5164.8926,One year,Bank transfer (automatic)
Female,0.0,11.735261,44.367756,405.33472,One year,Credit card (automatic)
Male,0.0,12.950906,29.616217,302.39917,One year,Credit card (automatic)
Female,0.0,2.7273016,81.46794,72.16232,Month-to-month,Credit card (automatic)
Female,9.739638e-36,12.901759,95.4376,843.4568,Month-to-month,Credit card (automatic)
Female,0.0,20.42031,67.722,1289.1761,One year,Credit card (automatic)
Female,1.2320431e-18,34.7071,90.35517,3259.9795,One year,Bank transfer (automatic)
Male,0.0,12.726626,45.875713,715.99695,One year,Bank transfer (automatic)
Male,0.0,40.310284,114.58713,5237.045,One year,Bank transfer (automatic)
Female,4.2960416e-32,3.9692945,94.941,167.58528,Month-to-month,Credit card (automatic)
Male,0.0,24.058165,84.16882,1684.3083,One year,Credit card (automatic)
Male,0.0,19.90371,93.81904,2135.4065,One year,Credit card (automatic)
Female,9.8786135e-20,25.326843,97.434654,2218.2031,Month-to-month,Credit card (automatic)
Female,2.7218236e-20,4.899232,81.880936,129.0918,Month-to-month,Credit card (automatic)
Female,0.0,11.059985,23.852652,301.12006,One year,Bank transfer (automatic)
Female,1.614241e-26,22.934683,40.98295,866.6876,One year,Bank transfer (automatic)
Female,0.0,2.0577857,63.579235,51.40391,Month-to-month,Credit card (automatic)
Male,3.2104302e-37,33.255245,96.79287,3046.07,One year,Credit card (automatic)
Male,1.0437059e-23,16.317741,91.19121,1177.4861,Month-to-month,Credit card (automatic)
Female,0.0,6.4550743,20.507524,89.96021,One year,Credit card (automatic)
Female,1.01205416e-07,4.662178,95.15433,193.40282,Month-to-month,Credit card (automatic)
Female,0.0937456,11.764568,90.69638,709.92755,Month-to-month,Credit card (automatic)
Male,0.0,3.0916975,86.51255,124.54262,Month-to-month,Credit card (automatic)
Female,7.64655e-07,9.571369,91.70133,509.90244,Month-to-month,Credit card (automatic)
Male,0.0,4.3719893,20.85437,108.38782,One year,Bank transfer (automatic)
Female,0.0,5.3688183,90.33302,250.0363,Month-to-month,Credit card (automatic)
Female,4.787827e-18,15.872123,89.549614,983.70746,Month-to-month,Credit card (automatic)
Male,0.0,8.298895,89.26676,531.71625,Month-to-month,Credit card (automatic)
Male,0.0,1.2537519,65.539665,23.043968,Month-to-month,Credit card (automatic)
Female,0.34162474,26.953552,92.65409,2281.087,Month-to-month,Credit card (automatic)
Male,0.0,25.547398,89.89697,2646.5994,One year,Bank transfer (automatic)
Male,0.0,1.1187327,49.977108,21.947145,Month-to-month,Credit card (automatic)
Male,0.0,1.0246335,31.585407,19.163979,Month-to-month,Credit card (automatic)
Female,9.559989e-09,38.567097,102.28492,3898.626,One year,Credit card (automatic)
Female,1.992586e-24,6.6446543,90.85594,271.58878,Month-to-month,Credit card (automatic)
Female,3.5526057e-22,4.0136,79.72842,102.935005,Month-to-month,Credit card (automatic)
Male,0.0,5.2584176,87.25234,380.70767,Month-to-month,Credit card (automatic)
Male,2.998977e-36,36.269314,102.04406,3770.5647,One year,Credit card (automatic)
Female,1.3291077e-15,9.200497,82.124596,361.7206,Month-to-month,Credit card (automatic)
Female,0.99818796,55.569088,111.8624,6105.3813,One year,Bank transfer (automatic)
Male,0.0,20.601036,54.57156,1212.6719,One year,Bank transfer (automatic)
Female,7.1397344e-22,48.841324,112.56011,5773.8335,One year,Bank transfer (automatic)
Female,0.0,1.1408935,63.133476,19.879864,Month-to-month,Credit card (automatic)
Female,1.2742418e-38,10.418325,95.732506,686.5399,Month-to-month,Credit card (automatic)
Female,1.0,42.360443,95.16282,2718.9434,Month-to-month,Credit card (automatic)
Male,0.0,6.442962,88.88656,492.9989,Month-to-month,Credit card (automatic)
Female,0.9994486,55.412746,108.028175,5574.784,One year,Bank transfer (automatic)
Female,1.9647093e-34,23.084478,101.8797,2016.0112,One year,Credit card (automatic)
Female,0.0,30.103138,101.98215,2730.4075,One year,Credit card (automatic)
Male,0.0,36.798275,98.242584,3849.7595,One year,Bank transfer (automatic)
Male,0.0,24.083487,53.228683,1279.2882,One year,Bank transfer (automatic)
Female,0.0,9.287267,90.696365,527.65344,Month-to-month,Credit card (automatic)
Female,3.3014085e-34,1.6132237,66.027214,27.374823,Month-to-month,Credit card (automatic)
Male,0.0,23.60174,76.13189,1791.8447,One year,Bank transfer (automatic)
Male,0.0,23.583397,79.41204,2051.3994,One year,Bank transfer (automatic)
Female,1.3973846e-30,32.10874,93.086006,3040.2283,One year,Bank transfer (automatic)
Female,0.0,4.2294507,39.41395,118.05278,One year,Credit card (automatic)
Female,0.0,18.613663,68.29537,1344.4675,One year,Bank transfer (automatic)
Female,1.0,50.953396,106.48238,4841.937,One year,Credit card (automatic)
Female,0.0,31.824293,107.81251,3471.076,One year,Bank transfer (automatic)
Female,2.4448074e-23,6.099534,86.792915,350.5603,Month-to-month,Credit card (automatic)
Female,2.0752123e-13,34.37232,105.07678,3310.3342,One year,Credit card (automatic)
Female,3.023848e-07,47.35791,109.771355,5197.569,One year,Bank transfer (automatic)
Female,0.0,11.414903,59.845516,479.224,One year,Credit card (automatic)
Male,0.0,3.1447928,80.39427,119.20923,Month-to-month,Credit card (automatic)
Male,1.4572732e-24,7.5044255,80.19228,325.58356,Month-to-month,Credit card (automatic)
Female,0.0153901,48.154423,104.07662,5069.971,One year,Bank transfer (automatic)
Male,0.0,28.546549,92.56469,2655.8555,One year,Bank transfer (automatic)
Female,1.3093892e-17,9.916723,85.08456,441.54938,Month-to-month,Credit card (automatic)
Male,2.6290177e-22,7.642823,79.86743,341.8031,Month-to-month,Credit card (automatic)
Male,0.0,5.1607766,78.71224,385.43686,Month-to-month,Credit card (automatic)
Male,0.0,8.522829,93.181816,535.90906,Month-to-month,Credit card (automatic)
Female,2.5306577e-28,2.198171,72.6921,38.734688,Month-to-month,Credit card (automatic)
Female,0.0,8.097797,87.48198,466.86078,Month-to-month,Credit card (automatic)
Female,0.0,12.347798,37.11232,356.7704,One year,Credit card (automatic)
Female,1.8938e-20,5.4539385,78.60345,155.79471,Month-to-month,Credit card (automatic)
Female,3.7200802e-08,51.213078,111.27316,5993.2153,One year,Bank transfer (automatic)
Female,0.9998678,36.64358,97.60494,3427.1265,One year,Credit card (automatic)
Female,4.8276327e-11,15.488078,93.06968,1195.1042,Month-to-month,Credit card (automatic)
Female,0.0,10.066671,73.158585,542.5477,Month-to-month,Credit card (automatic)
Male,0.0,2.6930816,18.485056,37.09055,One year,Bank transfer (automatic)
Female,2.7602257e-37,28.421114,73.985855,1676.2678,One year,Credit card (automatic)
Male,0.0,16.339529,38.005493,461.5681,One year,Credit card (automatic)
Female,1.0,56.389034,109.78695,5882.7856,One year,Bank transfer (automatic)
Female,0.00014482481,51.38214,108.70503,5389.3076,One year,Bank transfer (automatic)
Female,0.9999957,4.1909275,92.85664,146.76773,Month-to-month,Credit card (automatic)
Female,0.006694642,16.434027,106.210686,1117.3718,Month-to-month,Credit card (automatic)
Female,8.211126e-07,5.537849,79.152596,153.77519,Month-to-month,Credit card (automatic)
Male,0.0,1.6827688,51.300045,52.77396,Month-to-month,Credit card (automatic)
Female,1.0847792e-35,29.24476,101.58169,2546.6543,One year,Credit card (automatic)
Male,0.0,14.872349,34.52296,624.3975,One year,Bank transfer (automatic)
Female,2.1433675e-31,34.782703,103.81397,3366.301,One year,Credit card (automatic)
Female,1.3523747e-20,22.312372,45.133945,1070.9038,One year,Bank transfer (automatic)
Female,5.4173775e-18,2.842832,75.12577,55.239788,Month-to-month,Credit card (automatic)
Male,0.0,20.008131,37.899925,925.96423,One year,Bank transfer (automatic)
Male,0.0,45.658024,111.787445,4902.6484,One year,Credit card (automatic)
Female,2.2859622e-07,1.7728635,74.21563,29.340315,Month-to-month,Credit card (automatic)
Female,0.00023761603,41.457333,100.95139,4232.749,One year,Bank transfer (automatic)
Female,2.0623763e-28,33.23626,96.86397,3310.5151,One year,Bank transfer (automatic)
Male,0.0,19.735054,47.644672,1047.8402,One year,Bank transfer (automatic)
Male,7.888962e-29,12.777613,84.78569,910.7597,Month-to-month,Credit card (automatic)
Male,0.0,3.9108012,72.41593,287.92773,Month-to-month,Credit card (automatic)
Female,1.0,30.631313,90.453835,1861.1989,Month-to-month,Credit card (automatic)
Male,0.0,8.466245,34.599545,364.14197,One year,Bank transfer (automatic)
Male,0.0,15.421625,34.692127,709.51776,One year,Bank transfer (automatic)
Female,0.041888185,36.15632,106.24446,3558.162,One year,Credit card (automatic)
Female,1.820544e-32,1.1223284,61.070053,19.469603,Month-to-month,Credit card (automatic)
Male,0.0,14.672708,30.225712,383.35284,One year,Credit card (automatic)
Female,0.9999901,45.433105,105.93379,4584.9824,One year,Credit card (automatic)
Male,0.0,3.139296,79.92683,158.49188,Month-to-month,Credit card (automatic)
Female,1.4649595e-24,12.05715,85.477295,682.9875,Month-to-month,Credit card (automatic)
Male,0.0,10.758069,92.51272,861.2967,Month-to-month,Credit card (automatic)
Female,8.000026e-30,20.084846,103.775826,1877.6888,One year,Credit card (automatic)
Male,0.0,9.168904,62.468052,787.11017,One year,Credit card (automatic)
Female,4.7462592e-32,28.703533,89.796906,2405.78,One year,Credit card (automatic)
Male,0.0,6.0453625,65.84907,633.60785,One year,Credit card (automatic)
Female,4.0927396e-29,20.088207,95.239525,1668.6924,Month-to-month,Credit card (automatic)
Female,1.6406204e-05,22.114542,105.02506,2055.9111,Month-to-month,Credit card (automatic)
Female,1.3713637e-07,4.7308106,81.31588,142.9184,Month-to-month,Credit card (automatic)
Female,0.0,27.681835,88.90247,2103.9785,One year,Credit card (automatic)
Male,0.0,46.000114,115.37293,6045.857,One year,Bank transfer (automatic)
Male,0.0,5.540026,89.12421,527.10535,Month-to-month,Credit card (automatic)
Female,0.9976597,47.998535,103.012726,4824.3257,One year,Bank transfer (automatic)
Male,0.0,23.173065,75.090034,1476.9957,One year,Credit card (automatic)
Female,1.5107797e-27,34.589863,102.13333,3437.0571,One year,Credit card (automatic)
Male,0.0,10.776211,39.41503,444.23306,One year,Credit card (automatic)
Male,0.0,21.60829,95.372406,1858.3214,One year,Credit card (automatic)
Male,0.0,21.218266,90.72596,2075.8203,One year,Credit card (automatic)
Female,0.00022238349,53.225056,112.79441,5819.745,One year,Bank transfer (automatic)
Male,5.9059663e-37,2.445733,61.614155,62.76929,Month-to-month,Credit card (automatic)
Female,0.0,5.4493685,19.814936,72.77517,One year,Credit card (automatic)
Male,0.0,5.883834,77.76304,259.59708,Month-to-month,Credit card (automatic)
Female,1.7954501e-09,13.808882,98.16349,1152.5583,Month-to-month,Credit card (automatic)
Female,2.2369244e-14,6.1887054,83.87046,197.69043,Month-to-month,Credit card (automatic)
Female,0.0,11.80195,34.319515,350.5808,One year,Credit card (automatic)
Female,0.16328453,5.4318004,78.29069,152.89752,Month-to-month,Credit card (automatic)
Female,0.27780685,51.735554,104.93785,5135.3203,One year,Bank transfer (automatic)
Male,0.0,14.53304,48.54109,859.758,One year,Bank transfer (automatic)
Female,0.0,12.208258,27.446932,388.1971,One year,Bank transfer (automatic)
Male,0.0,6.6017227,23.72073,199.54655,One year,Bank transfer (automatic)
Female,2.3102195e-20,20.531412,90.39312,1833.8173,One year,Credit card (automatic)
Male,0.0,4.1555934,77.60084,212.25735,Month-to-month,Credit card (automatic)
Male,0.0,8.487389,26.065971,292.67377,One year,Bank transfer (automatic)
Male,0.0,3.8339043,19.303436,66.23188,One year,Bank transfer (automatic)
Male,3.1080424e-34,46.77626,114.50812,5944.2705,One year,Bank transfer (automatic)
Male,0.0,37.33168,114.81507,4851.1953,One year,Bank transfer (automatic)
Male,0.0,1.2091762,48.64909,37.08011,Month-to-month,Credit card (automatic)
Male,0.0,31.586498,86.740944,2613.5647,One year,Credit card (automatic)
Male,0.0,17.44506,75.60351,1387.3278,One year,Bank transfer (automatic)
Male,0.0,34.9273,99.56246,3458.1519,One year,Credit card (automatic)
Female,0.0,22.555574,78.01525,1816.4739,One year,Bank transfer (automatic)
Female,0.0,10.508748,46.08437,337.97293,One year,Credit card (automatic)
Male,0.0,5.1823664,81.662926,237.90637,Month-to-month,Credit card (automatic)
Female,0.0,3.1268058,85.33769,86.57667,Month-to-month,Credit card (automatic)
Male,1.633728e-36,39.071796,110.91456,4886.78,One year,Bank transfer (automatic)
Male,0.0,42.4813,111.586105,5116.5474,One year,Bank transfer (automatic)
Female,6.6313437e-06,49.08053,106.94053,4927.0454,One year,Credit card (automatic)
Female,0.99999976,56.19878,112.09404,6129.9463,One year,Bank transfer (automatic)
Female,0.0,8.4292555,34.823612,285.27646,One year,Credit card (automatic)
Male,0.0,4.392868,21.001547,117.052475,One year,Bank transfer (automatic)
Female,1.1751849e-17,39.990223,98.96127,4083.5845,One year,Bank transfer (automatic)
Female,0.0,3.555024,19.81199,80.26365,One year,Bank transfer (automatic)
Female,3.1797325e-27,13.229052,94.03736,886.58984,Month-to-month,Credit card (automatic)
Male,0.0,9.19048,89.075645,566.4398,Month-to-month,Credit card (automatic)
Female,0.0,6.979411,20.216007,118.72795,One year,Credit card (automatic)
Male,0.0,24.626581,107.48645,2841.9626,Month-to-month,Credit card (automatic)
Female,5.4764965e-31,32.610615,105.59721,3802.5198,One year,Bank transfer (automatic)
Female,0.0,4.2348466,91.78582,182.25009,Month-to-month,Credit card (automatic)
Female,0.0,21.593613,94.64219,1736.4583,One year,Credit card (automatic)
Male,1.2668257e-24,25.67104,93.100746,2417.807,Month-to-month,Credit card (automatic)
Male,0.0,6.9169073,23.476631,219.29301,One year,Bank transfer (automatic)
Male,0.0,10.541282,89.419365,798.39343,Month-to-month,Credit card (automatic)
Female,2.0864714e-10,22.820091,89.05852,1791.6973,Month-to-month,Credit card (automatic)
Male,0.0,1.0748966,34.933155,21.539791,Month-to-month,Credit card (automatic)
Female,3.120394e-36,22.323124,94.81801,1692.372,One year,Credit card (automatic)
Male,0.0,16.847193,92.02837,1435.976,One year,Credit card (automatic)
Male,0.0,3.228276,76.77799,118.49551,Month-to-month,Credit card (automatic)
Male,0.0,20.287626,55.876297,974.7797,One year,Credit card (automatic)
Male,0.0,25.659534,86.56998,1918.1865,One year,Credit card (automatic)
Female,0.0,12.462128,34.981075,441.6975,One year,Credit card (automatic)
Male,0.0,1.2530628,56.66602,22.659378,Month-to-month,Credit card (automatic)
Female,0.0,3.3845773,49.618202,95.80823,Month-to-month,Credit card (automatic)
Female,0.0,13.113352,29.1709,404.03632,One year,Bank transfer (automatic)
Male,0.0,28.544958,95.90473,3064.312,One year,Bank transfer (automatic)
Female,0.0,8.436498,23.254614,197.71843,One year,Bank transfer (automatic)
Male,0.0,29.35088,99.939964,2818.6692,One year,Credit card (automatic)
Female,1.421486e-13,8.0677185,88.53814,343.52643,Month-to-month,Credit card (automatic)
Female,0.0,8.5842705,21.395607,156.65979,One year,Credit card (automatic)
Male,0.0,10.857228,23.20971,325.7485,One year,Bank transfer (automatic)
Female,0.0,3.8369865,82.810555,116.45417,Month-to-month,Credit card (automatic)
Male,0.0,18.50789,102.52768,1626.9604,Month-to-month,Credit card (automatic)
Female,4.3039663e-16,34.25105,82.39584,3191.712,One year,Bank transfer (automatic)
Male,0.0,3.7236502,18.693218,37.878784,One year,Credit card (automatic)
Male,1.5675346e-24,10.402986,87.66421,573.9543,Month-to-month,Credit card (automatic)
Female,1.0,25.644598,96.85789,1486.1091,Month-to-month,Credit card (automatic)
Female,0.0,11.566368,35.188507,527.4979,One year,Bank transfer (automatic)
Male,0.0,13.052118,80.38469,1018.9439,One year,Credit card (automatic)
Male,1.6044505e-24,16.082321,85.75795,1083.47,Month-to-month,Credit card (automatic)
Female,2.5472403e-27,9.885137,95.723145,567.0895,Month-to-month,Credit card (automatic)
Female,0.9998443,7.86151,105.37418,378.6684,Month-to-month,Credit card (automatic)
Female,1.3887026e-21,29.250061,84.926125,2509.2505,One year,Credit card (automatic)
Female,0.0,17.076384,53.210827,781.0579,One year,Credit card (automatic)
Female,8.291195e-19,20.736483,91.73567,1527.6837,Month-to-month,Credit card (automatic)
Female,1.8617193e-33,28.128216,92.080444,2667.7095,One year,Bank transfer (automatic)
Male,0.0,17.380398,57.42265,1229.2639,One year,Bank transfer (automatic)
Female,6.6439975e-32,11.670794,93.405876,857.38446,One year,Credit card (automatic)
Female,0.0,10.614212,27.019093,263.13177,One year,Credit card (automatic)
Male,0.0,24.9953,71.192635,1756.022,One year,Credit card (automatic)
Female,0.028220542,8.111323,81.60167,310.8224,Month-to-month,Credit card (automatic)
Male,0.0,2.640146,65.85569,71.86641,Month-to-month,Credit card (automatic)
Female,0.0,15.061672,39.42875,595.32825,One year,Credit card (automatic)
Male,0.0,2.1627867,68.65015,50.523613,Month-to-month,Credit card (automatic)
Male,0.0,7.384639,94.46266,475.11707,Month-to-month,Credit card (automatic)
Male,0.0,19.354628,90.658905,1452.8938,One year,Credit card (automatic)
Male,0.0,28.864761,98.59715,2587.9385,One year,Credit card (automatic)
Female,0.0,21.706364,51.797855,1176.2563,One year,Bank transfer (automatic)
Male,0.0,37.713615,104.950325,3529.5093,One year,Credit card (automatic)
Female,5.1973273e-36,17.1751,38.260986,746.9442,One year,Bank transfer (automatic)
Female,1.7378575e-25,26.052183,93.50485,2219.2874,One year,Credit card (automatic)
Female,0.0,17.109278,52.960464,913.72845,One year,Bank transfer (automatic)
Female,1.0,43.28231,110.6833,4012.4385,One year,Credit card (automatic)
Male,0.0,45.639107,110.49589,5231.437,One year,Bank transfer (automatic)
Female,8.770883e-09,7.624254,79.72067,269.83362,Month-to-month,Credit card (automatic)
Male,0.0,36.231773,104.3011,4015.6172,One year,Bank transfer (automatic)
Female,9.741993e-18,5.3404193,91.13466,232.62555,Month-to-month,Credit card (automatic)
Male,1.1574933e-35,5.1322527,87.79118,192.31056,Month-to-month,Credit card (automatic)
Female,0.0,6.652657,57.497498,214.69418,One year,Credit card (automatic)
Male,0.0,1.6878244,63.557278,53.991535,Month-to-month,Credit card (automatic)
Female,3.1483622e-35,2.643306,76.49197,60.454403,Month-to-month,Credit card (automatic)
Male,0.0,29.65612,97.744995,3356.2954,One year,Bank transfer (automatic)
Female,0.2853487,18.86597,93.52177,1400.8995,Month-to-month,Credit card (automatic)
Female,6.305011e-34,18.081526,46.480797,1035.0955,One year,Bank transfer (automatic)
Male,2.9734274e-20,38.254726,103.94536,4140.6963,One year,Bank transfer (automatic)
Female,8.5457215e-24,16.51822,102.20971,1332.1392,One year,Credit card (automatic)
Male,0.0,16.785402,36.261204,743.7077,One year,Bank transfer (automatic)
Female,4.342154e-26,36.054504,106.08087,3895.617,One year,Credit card (automatic)
Female,2.886229e-32,47.21326,114.933846,5983.3296,One year,Bank transfer (automatic)
Male,0.0,42.754692,110.91451,4681.8477,One year,Credit card (automatic)
Female,6.6623554e-11,38.11876,90.20567,3692.2905,One year,Bank transfer (automatic)
Female,0.0,8.264662,25.306395,272.39346,One year,Bank transfer (automatic)
Female,8.493822e-12,47.5171,111.59043,5677.464,One year,Bank transfer (automatic)
Female,5.389226e-39,2.1442008,74.45469,41.809933,Month-to-month,Credit card (automatic)
Male,0.0,1.1905075,51.125153,33.710445,Month-to-month,Credit card (automatic)
Male,0.0,12.754452,85.98935,1242.8021,One year,Credit card (automatic)
Male,5.9595104e-30,7.2375736,83.3028,317.21228,Month-to-month,Credit card (automatic)
Male,0.0,22.308752,53.835617,1376.095,One year,Bank transfer (automatic)
Male,0.0,7.586975,63.18278,574.02625,One year,Credit card (automatic)
Female,1.1081086e-09,31.704626,98.42892,3013.459,One year,Credit card (automatic)
Male,0.0,11.145007,27.835619,236.2606,One year,Credit card (automatic)
Male,0.0,1.109382,44.107727,20.958473,Month-to-month,Credit card (automatic)
Female,4.4112543e-27,24.135984,88.609184,1930.2997,One year,Credit card (automatic)
Female,1.0,58.740562,110.117805,5765.83,One year,Credit card (automatic)
Male,3.8435242e-30,6.314977,78.64894,252.54453,Month-to-month,Credit card (automatic)
Female,3.961053e-24,3.3693898,78.21511,78.46377,Month-to-month,Credit card (automatic)
Female,2.812714e-10,11.642643,90.13924,607.8573,Month-to-month,Credit card (automatic)
Female,1.0,18.373194,95.36471,955.8784,Month-to-month,Credit card (automatic)
Female,0.00017740294,7.792703,72.899124,255.0339,Month-to-month,Credit card (automatic)
Male,9.165491e-32,14.348956,93.30995,1085.4781,Month-to-month,Credit card (automatic)
Male,0.00047526704,40.267788,101.54247,3994.3718,One year,Credit card (automatic)
Female,2.8617334e-08,29.583822,93.623146,2864.7144,One year,Credit card (automatic)
Male,0.0,41.006645,112.9339,5176.7437,One year,Bank transfer (automatic)
Female,7.685454e-30,20.293276,43.49508,943.9275,One year,Bank transfer (automatic)
Male,0.0,14.620351,55.987404,705.7631,One year,Credit card (automatic)
Male,0.0,8.54143,20.426573,184.60233,One year,Bank transfer (automatic)
Female,0.0,10.524358,91.63661,748.1129,Month-to-month,Credit card (automatic)
Male,0.0,2.069408,68.17495,78.94769,Month-to-month,Credit card (automatic)
Female,1.1621224e-33,28.117243,86.60914,2551.4028,One year,Bank transfer (automatic)
Female,2.9868844e-11,41.17306,100.59213,4284.9897,One year,Bank transfer (automatic)
Female,0.0,24.25172,85.59872,2054.219,One year,Bank transfer (automatic)
Female,1.0,49.92378,106.10309,4499.0273,One year,Credit card (automatic)
Female,0.00037912047,15.028877,93.05613,1010.61066,Month-to-month,Credit card (automatic)
Male,0.0,26.94674,96.5145,2581.0005,One year,Credit card (automatic)
Female,5.7847292e-24,9.06553,92.86921,512.8721,Month-to-month,Credit card (automatic)
Male,0.0,14.35143,85.78232,1135.449,One year,Bank transfer (automatic)
Male,0.0,18.154219,48.701416,736.2449,One year,Credit card (automatic)
Female,5.4464448e-27,49.29284,116.57766,6431.5894,One year,Bank transfer (automatic)
Male,0.0,32.056057,106.400795,3797.4248,One year,Bank transfer (automatic)
Male,0.0,34.94927,101.224174,3401.7307,One year,Credit card (automatic)
Male,0.0,4.3644915,19.724977,92.23543,One year,Bank transfer (automatic)
Male,0.0,3.8548608,72.35224,415.10938,One year,Credit card (automatic)
Female,1.0657722e-19,14.691615,89.3564,963.78217,Month-to-month,Credit card (automatic)
Female,1.324675e-28,5.935343,95.86045,335.53342,Month-to-month,Credit card (automatic)
Male,0.0,5.2970567,83.27186,270.07092,Month-to-month,Credit card (automatic)
Female,1.2998792e-31,5.447804,94.25992,264.6363,Month-to-month,Credit card (automatic)
Male,0.0,12.479979,31.73691,510.77383,One year,Bank transfer (automatic)
Female,5.697434e-17,9.582098,95.15451,685.7761,Month-to-month,Credit card (automatic)
Female,0.0,18.933853,42.03991,913.35803,One year,Bank transfer (automatic)
Male,0.0,27.067806,91.93574,2774.5823,One year,Bank transfer (automatic)
Male,1.3855615e-33,7.083008,90.278404,329.3161,Month-to-month,Credit card (automatic)
Male,0.0,3.7115002,33.43927,149.6781,One year,Credit card (automatic)
Female,3.6292337e-28,25.05732,98.80435,2105.3508,Month-to-month,Credit card (automatic)
Female,0.0027206577,37.794113,103.718094,3835.7458,One year,Credit card (automatic)
Male,0.0,7.208724,29.507393,296.96393,One year,Bank transfer (automatic)
Male,0.0,9.864422,88.695114,714.53467,Month-to-month,Credit card (automatic)
Female,5.3646268e-11,11.951809,99.049225,924.3377,Month-to-month,Credit card (automatic)
Female,0.037427675,46.771877,106.42624,4716.1836,One year,Credit card (automatic)
Female,0.0003057961,3.002555,73.108376,64.13991,Month-to-month,Credit card (automatic)
Male,0.0,38.76186,109.95706,4750.8867,One year,Bank transfer (automatic)
Female,6.7038435e-08,42.42764,104.157715,4825.8174,One year,Bank transfer (automatic)
Male,5.166966e-20,13.314908,89.767166,790.07214,Month-to-month,Credit card (automatic)
Female,0.0,2.7573388,78.19126,61.553635,Month-to-month,Credit card (automatic)
Female,1.5886386e-26,8.982023,87.829315,592.3815,Month-to-month,Credit card (automatic)
Female,2.4300171e-36,14.2262335,34.925713,644.0246,One year,Bank transfer (automatic)
Female,0.0,20.90728,67.437775,1392.5509,One year,Bank transfer (automatic)
Male,0.0,1.6680335,65.759544,37.42368,Month-to-month,Credit card (automatic)
Female,0.028422803,32.706543,97.87487,2886.7356,One year,Credit card (automatic)
Male,0.0,13.890217,23.881363,280.76242,One year,Credit card (automatic)
Male,0.0,29.116514,90.4887,2338.4636,One year,Credit card (automatic)
Male,0.0,4.1395946,79.81493,179.03423,Month-to-month,Credit card (automatic)
Female,4.77809e-23,4.9884715,86.711716,170.95152,Month-to-month,Credit card (automatic)
Female,0.0,14.170408,47.16063,789.8625,One year,Bank transfer (automatic)
Female,0.0,1.248744,65.99469,22.230667,Month-to-month,Credit card (automatic)
Male,1.6026036e-31,37.8113,103.6144,3742.64,One year,Credit card (automatic)
Male,0.0,3.6044,74.14408,147.27596,Month-to-month,Credit card (automatic)
Male,0.0,3.0038707,68.661575,104.90087,Month-to-month,Credit card (automatic)
Female,2.3335773e-19,26.101034,70.14045,2124.6895,One year,Bank transfer (automatic)
Female,0.0,2.9696226,18.458473,34.572895,One year,Bank transfer (automatic)
Male,2.7077216e-18,22.863209,89.0985,1906.0278,Month-to-month,Credit card (automatic)
Male,0.0,1.4505647,67.91059,46.392723,Month-to-month,Credit card (automatic)
Female,1.0,60.26928,112.12032,6062.361,One year,Credit card (automatic)
Male,0.0,51.342323,114.99986,6045.533,One year,Bank transfer (automatic)
Male,0.0,1.2631676,60.347935,26.768526,Month-to-month,Credit card (automatic)
Female,4.533585e-22,46.45248,113.319244,5756.0767,One year,Bank transfer (automatic)
Female,1.0152993e-28,25.366428,72.22026,1929.8395,One year,Bank transfer (automatic)
Female,2.1379143e-22,35.95237,103.117516,3731.739,One year,Bank transfer (automatic)
Male,0.0,28.142883,68.75753,2053.29,One year,Bank transfer (automatic)
Female,3.113492e-17,31.899475,85.95762,2762.6921,One year,Bank transfer (automatic)
Male,0.0,1.3440557,52.832092,23.073166,Month-to-month,Credit card (automatic)
Female,2.7490885e-21,27.837124,53.49346,1630.4606,One year,Bank transfer (automatic)
Male,0.0,2.5554812,69.02296,143.25322,Month-to-month,Credit card (automatic)
Male,0.0,1.4574285,62.03202,26.538225,Month-to-month,Credit card (automatic)
Male,0.0,28.423807,104.66318,2993.8135,One year,Bank transfer (automatic)
Male,0.0,4.6450405,81.14081,363.90085,Month-to-month,Credit card (automatic)
Female,0.2342404,31.71928,99.954094,2935.2107,Month-to-month,Credit card (automatic)
Male,2.010087e-36,9.250644,86.01288,560.0984,Month-to-month,Credit card (automatic)
Male,0.0,33.500195,95.910706,3171.5522,One year,Bank transfer (automatic)
Female,2.3521025e-09,45.971806,107.8671,4839.4224,One year,Credit card (automatic)
Male,0.0,45.473232,112.72193,5372.973,One year,Bank transfer (automatic)
Male,0.0,2.4825714,85.93185,79.75522,Month-to-month,Credit card (automatic)
Male,9.925783e-37,33.73874,99.610855,3519.0745,One year,Bank transfer (automatic)
Female,0.0,24.538338,92.59786,2000.1477,One year,Credit card (automatic)
Female,0.0,3.9844072,82.15857,154.30621,Month-to-month,Credit card (automatic)
Male,0.0,48.988968,115.79199,6241.6714,One year,Bank transfer (automatic)
Female,3.2265818e-06,28.18341,92.84272,2456.7034,Month-to-month,Credit card (automatic)
Female,0.0,11.723571,38.518005,396.0312,One year,Credit card (automatic)
Male,0.0,38.962704,105.33817,3893.6702,One year,Bank transfer (automatic)
Female,0.9674346,47.21744,105.57079,4861.792,One year,Bank transfer (automatic)
Female,0.0024513076,12.60193,83.66651,623.33374,Month-to-month,Credit card (automatic)
Male,0.0,1.2293783,52.013233,23.505445,Month-to-month,Credit card (automatic)
Female,0.44315168,50.47501,103.10589,4776.8804,One year,Credit card (automatic)
Female,7.609159e-14,12.850144,91.10583,978.2318,Month-to-month,Credit card (automatic)
Female,0.0,19.213472,37.78642,766.23566,One year,Bank transfer (automatic)
Female,0.9999995,47.00391,106.999725,4602.284,One year,Credit card (automatic)
Male,0.0,1.8439689,65.76006,50.05639,Month-to-month,Credit card (automatic)
Female,2.840001e-22,38.621304,104.81964,3875.4814,One year,Credit card (automatic)
Female,2.886433e-13,4.5690145,95.297424,168.43822,Month-to-month,Credit card (automatic)
Female,0.0,2.4270022,81.37233,51.96989,Month-to-month,Credit card (automatic)
Female,0.0,11.578669,60.789288,439.8433,One year,Credit card (automatic)
Female,0.0,11.9648,32.493748,435.79047,One year,Credit card (automatic)
Female,1.0,49.88429,105.05219,4807.286,One year,Credit card (automatic)
Female,5.1818855e-10,37.377644,108.024635,3555.8909,One year,Credit card (automatic)
Male,0.0,8.005784,86.26711,692.24286,Month-to-month,Credit card (automatic)
Male,4.147027e-34,35.870163,102.543915,3864.1143,One year,Bank transfer (automatic)
Female,7.1065015e-11,37.697376,92.26348,3347.909,One year,Credit card (automatic)
Male,0.0,6.7115808,52.1305,408.048,One year,Credit card (automatic)
Male,0.0,8.654446,87.4383,674.36273,Month-to-month,Credit card (automatic)
Male,6.8923497e-23,11.3290205,88.16117,686.24756,Month-to-month,Credit card (automatic)
Male,0.0,37.94836,105.232574,4099.8784,One year,Credit card (automatic)
Male,0.0,1.4937127,66.50001,34.9222,Month-to-month,Credit card (automatic)
Female,6.4114757e-15,6.160586,91.27617,341.2333,Month-to-month,Credit card (automatic)
Male,0.0,1.2754476,47.163593,25.224699,Month-to-month,Credit card (automatic)
Female,0.0,13.356653,34.253357,520.2942,One year,Bank transfer (automatic)
Male,0.0,24.432598,65.71988,1245.8575,One year,Credit card (automatic)
Male,0.0,47.285984,115.736786,5853.5825,One year,Bank transfer (automatic)
Male,0.0,33.202892,92.707146,3021.2603,One year,Credit card (automatic)
Male,7.92167e-39,28.520058,102.51583,2642.9016,One year,Credit card (automatic)
Female,7.492129e-06,24.628052,100.26766,2076.4263,One year,Credit card (automatic)
Male,0.0,20.999937,81.16744,1686.1329,One year,Credit card (automatic)
Female,4.5892525e-09,16.316633,92.90095,1240.5305,Month-to-month,Credit card (automatic)
Male,7.6194074e-34,6.9011407,89.034996,298.86346,Month-to-month,Credit card (automatic)
Female,2.4777053e-16,13.496541,90.66841,787.07935,Month-to-month,Credit card (automatic)
Male,0.0,1.0264223,32.58565,19.329435,Month-to-month,Credit card (automatic)
Female,0.0,12.081406,73.44526,652.8805,One year,Credit card (automatic)
Male,0.0,47.55987,113.858055,5141.8486,One year,Bank transfer (automatic)
Female,9.159474e-18,6.3798966,87.23669,245.66934,Month-to-month,Credit card (automatic)
Female,1.5651773e-07,15.346754,91.898705,1190.2888,Month-to-month,Credit card (automatic)
Female,1.0,53.83493,104.67528,5222.7783,One year,Credit card (automatic)
Male,0.0,3.173758,83.01904,106.03962,Month-to-month,Credit card (automatic)
Male,0.0,13.393789,36.644455,491.8824,One year,Credit card (automatic)
Male,0.0,2.1199725,62.80474,58.290215,Month-to-month,Credit card (automatic)
Female,6.272682e-16,7.8272834,88.85483,352.44495,Month-to-month,Credit card (automatic)
Male,0.0,36.007824,110.23942,4558.6016,One year,Bank transfer (automatic)
Female,0.9997129,54.241417,109.68906,5667.272,One year,Bank transfer (automatic)
Female,3.4947534e-11,2.4394805,78.989746,44.970886,Month-to-month,Credit card (automatic)
Male,0.0,15.45336,75.65236,1323.6342,One year,Credit card (automatic)
Male,0.0,51.977676,116.38025,6300.88,One year,Bank transfer (automatic)
Male,0.0,2.4131956,68.865036,61.929283,Month-to-month,Credit card (automatic)
Male,0.0,3.9934013,24.908808,179.34537,One year,Credit card (automatic)
Female,0.16217858,38.359474,99.52141,3704.056,One year,Credit card (automatic)
Female,6.629301e-36,22.523191,54.728767,877.7531,One year,Credit card (automatic)
Female,0.0,14.39712,95.45412,1097.1244,Month-to-month,Credit card (automatic)
Female,0.99986863,14.813477,84.13807,760.69946,Month-to-month,Credit card (automatic)
Male,0.0,12.505915,61.665016,623.93365,One year,Credit card (automatic)
Male,9.800397e-34,2.188905,59.590702,42.082077,Month-to-month,Credit card (automatic)
Male,0.0,26.966858,73.00332,2343.6091,One year,Bank transfer (automatic)
Male,0.0,5.190316,18.575968,48.359306,One year,Credit card (automatic)
Female,4.408915e-20,45.202705,113.68006,5646.7397,One year,Bank transfer (automatic)
Male,0.0,21.01133,64.08268,1447.0814,One year,Bank transfer (automatic)
Female,1.345288e-05,46.324303,108.84935,5355.125,One year,Bank transfer (automatic)
Female,2.4743726e-15,21.621529,92.08286,1965.7662,One year,Credit card (automatic)
Female,2.086529e-27,25.320883,64.71352,1392.705,One year,Credit card (automatic)
Female,0.0,4.987793,90.62595,201.35678,Month-to-month,Credit card (automatic)
Female,0.0,13.309962,27.258413,389.57596,One year,Bank transfer (automatic)
Female,0.99990857,49.207733,105.229965,4483.176,One year,Credit card (automatic)
Female,0.0,6.3576217,88.51618,349.64267,Month-to-month,Credit card (automatic)
Male,0.0,1.8014367,71.91741,36.13353,Month-to-month,Credit card (automatic)
Female,0.0,16.195885,47.071938,882.2002,One year,Bank transfer (automatic)
Female,0.0,11.981616,70.31249,482.83093,One year,Credit card (automatic)
Male,0.0,33.076202,92.59012,3156.488,One year,Bank transfer (automatic)
Female,4.8876284e-13,34.909855,94.47916,3392.503,One year,Bank transfer (automatic)
Female,0.0,2.7338338,30.18733,52.343708,One year,Credit card (automatic)
Male,0.0,30.530733,108.73489,3666.7136,One year,Bank transfer (automatic)
Male,0.0,16.473534,34.551678,657.9289,One year,Bank transfer (automatic)
Female,0.9997414,11.224501,83.18589,552.7044,Month-to-month,Credit card (automatic)
Male,0.0,7.7948065,42.600105,409.77676,One year,Credit card (automatic)
Female,0.015381778,48.11229,108.45347,5564.5527,One year,Bank transfer (automatic)
Male,0.0,11.319575,37.115055,513.4848,One year,Bank transfer (automatic)
Male,0.0,27.018147,66.506165,1652.3103,One year,Bank transfer (automatic)
Male,0.0,18.701567,56.6715,1089.5735,One year,Bank transfer (automatic)
Male,0.0,14.103409,49.948418,876.5758,One year,Credit card (automatic)
Male,0.0,25.798155,96.39548,2252.9937,One year,Bank transfer (automatic)
Male,0.0,43.277946,114.495514,5618.644,One year,Bank transfer (automatic)
Female,8.940515e-16,9.754944,98.84459,670.73395,Month-to-month,Credit card (automatic)
Female,7.503958e-11,46.746597,110.51385,4917.1597,One year,Credit card (automatic)
Female,1.9494154e-31,2.5683928,70.79346,50.31335,Month-to-month,Credit card (automatic)
Female,1.6973475e-25,18.71827,92.72493,1461.1005,Month-to-month,Credit card (automatic)
Male,2.3173412e-36,8.807107,84.75855,510.65503,Month-to-month,Credit card (automatic)
Male,0.0,4.0524173,75.4561,164.57483,Month-to-month,Credit card (automatic)
Male,9.31551e-32,15.148216,95.53145,1183.1748,Month-to-month,Credit card (automatic)
Male,0.0,20.11325,48.288963,1140.62,One year,Bank transfer (automatic)
Male,0.0,2.775211,18.4411,25.453178,One year,Credit card (automatic)
Female,0.0,18.724054,75.79998,1397.3394,One year,Bank transfer (automatic)
Male,0.0,21.788218,46.74207,1143.7328,One year,Bank transfer (automatic)
Female,6.1614246e-26,3.3038154,77.6731,73.205154,Month-to-month,Credit card (automatic)
Female,2.6817456e-14,3.8195026,69.21359,81.66297,Month-to-month,Credit card (automatic)
Female,1.1625758e-31,25.074085,64.081604,1786.6592,One year,Bank transfer (automatic)
Male,0.0,7.076733,26.640957,166.60648,One year,Credit card (automatic)
Female,7.2299326e-11,7.4463115,90.027176,316.7535,Month-to-month,Credit card (automatic)
Female,1.0,61.69224,113.79734,6523.071,One year,Bank transfer (automatic)
Male,0.0,3.709998,73.174164,144.23152,Month-to-month,Credit card (automatic)
Female,9.6907256e-27,30.417402,79.06822,1991.2146,One year,Credit card (automatic)
Male,0.0,13.368975,37.50635,493.48605,One year,Credit card (automatic)
Male,0.0,23.956333,66.98937,1429.5967,One year,Credit card (automatic)
Male,0.0,6.6018076,81.01713,367.16385,Month-to-month,Credit card (automatic)
Female,0.0,11.523147,33.493385,473.4983,One year,Bank transfer (automatic)
Female,5.3794104e-23,6.017311,88.46331,208.21909,Month-to-month,Credit card (automatic)
Female,0.0,7.5160213,54.444515,316.43298,One year,Credit card (automatic)
Male,0.0,21.90876,105.81142,3147.8682,One year,Credit card (automatic)
Male,0.0,39.200947,107.40856,4487.7876,One year,Bank transfer (automatic)
Female,0.0,4.078158,85.76585,132.08023,Month-to-month,Credit card (automatic)
Female,0.0,8.450606,91.65483,487.41235,Month-to-month,Credit card (automatic)
Male,0.0,9.251728,26.958456,340.89545,One year,Bank transfer (automatic)
Female,0.0,4.565703,20.513435,98.03129,One year,Bank transfer (automatic)
Female,3.733091e-25,41.855213,108.334946,3873.4749,One year,Credit card (automatic)
Female,1.0,21.267527,90.59609,1178.4749,Month-to-month,Credit card (automatic)
Female,6.0162682e-24,32.432037,96.524506,3228.2615,One year,Bank transfer (automatic)
Male,0.0,13.086597,85.5881,894.3794,One year,Credit card (automatic)
Female,7.7885814e-10,1.9901428,73.607704,33.43864,Month-to-month,Credit card (automatic)
Female,0.0,11.760138,81.18511,676.75287,One year,Credit card (automatic)
Male,0.0,31.817972,91.41699,2893.294,One year,Bank transfer (automatic)
Male,0.0,17.950716,47.635216,984.1435,One year,Bank transfer (automatic)
Female,1.6715676e-18,36.34316,107.42541,3783.9663,One year,Credit card (automatic)
Female,0.0,3.3279855,84.19039,101.707115,Month-to-month,Credit card (automatic)
Female,7.73051e-35,32.413883,88.36642,2742.9363,One year,Bank transfer (automatic)
Male,0.0,22.142132,84.919876,2201.6226,One year,Credit card (automatic)
Female,8.806298e-25,11.641946,92.29134,679.6248,Month-to-month,Credit card (automatic)
Male,0.0,1.331573,64.65068,45.522156,Month-to-month,Credit card (automatic)
Male,0.0,35.61467,99.41854,3615.6357,One year,Bank transfer (automatic)
Male,0.0,6.1426907,87.56384,347.44846,Month-to-month,Credit card (automatic)
Female,5.0295847e-11,38.31476,101.65469,3849.4404,One year,Credit card (automatic)
Male,0.0,6.678225,76.66712,351.5433,Month-to-month,Credit card (automatic)
Female,6.0205037e-09,5.780987,83.50429,173.60718,Month-to-month,Credit card (automatic)
Male,0.0,1.5714049,47.865875,49.63252,Month-to-month,Credit card (automatic)
Female,0.0012060773,12.429075,80.4838,573.19525,Month-to-month,Credit card (automatic)
Male,0.0,30.126093,103.54023,3468.8428,One year,Bank transfer (automatic)
Male,0.0,35.381184,104.10339,3771.4573,One year,Bank transfer (automatic)
Female,0.0,18.709045,98.33104,1400.4984,One year,Credit card (automatic)
Female,2.3245788e-14,35.97646,92.91307,3446.8657,One year,Bank transfer (automatic)
Male,3.2434548e-31,35.61589,107.76582,4360.3843,One year,Bank transfer (automatic)
Male,1.3859559e-36,41.199547,103.79683,4199.6016,One year,Bank transfer (automatic)
Female,3.259919e-10,2.5308855,70.257805,42.85378,Month-to-month,Credit card (automatic)
Female,7.685906e-27,33.093952,82.84775,2780.329,One year,Bank transfer (automatic)
Female,0.9982823,5.377561,71.73199,145.37129,Month-to-month,Credit card (automatic)
Female,0.0,5.7137017,19.83836,87.58021,One year,Bank transfer (automatic)
Female,0.99999845,46.52913,99.613434,4586.6274,One year,Credit card (automatic)
Male,0.0,25.974274,97.40178,2150.6501,One year,Credit card (automatic)
Male,0.0,16.91123,94.725655,1458.4802,Month-to-month,Credit card (automatic)
Female,6.569416e-12,50.381332,112.8639,5667.421,One year,Bank transfer (automatic)
Male,0.0,11.826822,27.285555,381.5142,One year,Bank transfer (automatic)
Male,0.0,17.350769,36.05928,670.2839,One year,Bank transfer (automatic)
Male,0.0,1.1354853,57.09744,20.909298,Month-to-month,Credit card (automatic)
Female,0.0,2.5463455,76.4422,88.02325,Month-to-month,Credit card (automatic)
Male,0.0,32.458344,98.538055,3309.6938,One year,Bank transfer (automatic)
Male,0.0,2.6730456,74.06938,186.40492,Month-to-month,Credit card (automatic)
Male,0.0,1.2032452,41.535633,49.967117,Month-to-month,Credit card (automatic)
Male,0.0,4.205251,76.17191,185.85222,Month-to-month,Credit card (automatic)
Male,1.8348764e-27,25.352346,99.26326,2244.1943,Month-to-month,Credit card (automatic)
Male,0.0,2.8560205,76.15756,178.8539,Month-to-month,Credit card (automatic)
Female,4.83426e-25,5.3538957,88.23747,202.38222,Month-to-month,Credit card (automatic)
Female,0.0,11.288232,40.071007,389.5309,One year,Credit card (automatic)
Female,4.1986564e-08,54.737904,112.20422,5671.565,One year,Bank transfer (automatic)
Male,0.0,8.739713,20.305502,185.66878,One year,Bank transfer (automatic)
Female,0.99993265,49.058178,104.38744,4841.54,One year,Credit card (automatic)
Female,0.9990458,19.033491,92.93404,1331.3438,Month-to-month,Credit card (automatic)
Female,0.0,16.62816,62.735268,1122.1003,One year,Bank transfer (automatic)
Male,0.0,6.7605357,19.825611,104.462456,One year,Credit card (automatic)
Female,0.7925048,51.51857,110.37199,5748.0,One year,Bank transfer (automatic)
Female,6.603296e-31,40.780712,107.87469,4199.3022,One year,Credit card (automatic)
Male,0.0,3.660937,77.43789,243.02563,Month-to-month,Credit card (automatic)
Female,0.0,5.0902925,31.36726,106.14481,One year,Credit card (automatic)
Male,0.0,43.050007,111.35071,5115.507,One year,Bank transfer (automatic)
Female,4.7992703e-27,28.90509,92.71153,2599.3376,One year,Credit card (automatic)
Male,5.5694314e-37,7.1483097,80.19037,386.00186,Month-to-month,Credit card (automatic)
Female,1.0,57.91992,107.854996,5635.003,One year,Credit card (automatic)
Female,5.75836e-29,34.879772,99.05195,3262.314,One year,Credit card (automatic)
Male,0.0,5.737215,81.95349,467.5269,Month-to-month,Credit card (automatic)
Male,0.0,15.799978,33.50866,519.60736,One year,Credit card (automatic)
Male,0.0,22.975054,78.730606,1847.3938,One year,Bank transfer (automatic)
Male,0.0,3.4409642,76.637924,206.19337,Month-to-month,Credit card (automatic)
Female,8.023358e-27,8.774037,90.37479,495.50385,Month-to-month,Credit card (automatic)
Female,1.7699798e-16,36.656532,105.64494,3192.9426,One year,Credit card (automatic)
Female,1.4164438e-07,7.242747,92.68785,351.29517,Month-to-month,Credit card (automatic)
Male,0.0,14.032949,77.68713,1262.5005,One year,Credit card (automatic)
Female,1.0,53.115303,108.64846,5033.307,One year,Credit card (automatic)
Female,9.786123e-06,13.063783,87.97053,691.75256,Month-to-month,Credit card (automatic)
Female,1.0,34.70882,103.294304,3028.2292,Month-to-month,Credit card (automatic)
Female,6.4266037e-24,3.788455,88.155785,126.53624,Month-to-month,Credit card (automatic)
Female,8.301756e-29,24.169748,63.097324,1702.7085,One year,Bank transfer (automatic)
Male,4.7040527e-10,52.130985,114.162445,6068.014,One year,Bank transfer (automatic)
Female,1.7726509e-10,51.662445,113.78018,5985.371,One year,Bank transfer (automatic)
Female,2.7262947e-18,38.89812,90.33167,3337.622,One year,Bank transfer (automatic)
Female,2.4617052e-26,7.9288173,92.595825,436.5512,Month-to-month,Credit card (automatic)
Male,0.0,14.413389,92.13156,1405.7815,Month-to-month,Credit card (automatic)
Female,1.5794092e-10,10.881673,97.18687,770.3716,Month-to-month,Credit card (automatic)
Male,0.0,6.882864,86.92299,413.8753,Month-to-month,Credit card (automatic)
Female,0.0,8.188606,89.62778,463.39258,Month-to-month,Credit card (automatic)
Female,2.280011e-23,40.47622,108.14188,4936.411,One year,Bank transfer (automatic)
Female,0.9999926,48.14251,104.57758,4789.743,One year,Credit card (automatic)
Male,0.0,4.755818,78.86806,237.61766,Month-to-month,Credit card (automatic)
Male,1.081963e-38,7.649749,83.56961,397.3002,Month-to-month,Credit card (automatic)
Female,2.2442178e-23,26.76477,94.53017,2504.1257,One year,Credit card (automatic)
Male,8.484902e-34,11.770968,88.06842,860.91455,Month-to-month,Credit card (automatic)
Female,1.0562138e-24,26.90666,81.34471,1901.0127,One year,Credit card (automatic)
Female,0.9992945,17.137197,95.76986,1297.3628,Month-to-month,Credit card (automatic)
Female,0.0,12.548695,39.031746,336.93744,One year,Credit card (automatic)
Female,1.0,50.039352,102.38231,4981.4463,One year,Bank transfer (automatic)
Male,0.0,6.387115,19.175756,85.11394,One year,Credit card (automatic)
Female,2.4485552e-19,3.7817862,74.7026,92.36925,Month-to-month,Credit card (automatic)
Female,3.00604e-12,6.4729877,97.68463,331.124,Month-to-month,Credit card (automatic)
Female,0.0005427051,14.953375,92.25111,1083.0026,Month-to-month,Credit card (automatic)
Male,5.899525e-30,45.294117,109.70319,4736.3877,One year,Credit card (automatic)
Female,0.99995756,8.855293,67.827126,277.6801,Month-to-month,Credit card (automatic)
Female,5.8460787e-09,30.443422,90.68803,2745.6765,One year,Credit card (automatic)
Female,1.0,21.620258,96.72287,1320.9923,Month-to-month,Credit card (automatic)
Male,0.0,15.586339,70.309105,1213.6378,One year,Bank transfer (automatic)
Female,0.0,8.770563,31.355722,348.55484,One year,Bank transfer (automatic)
Female,0.0,16.504847,53.941364,945.07635,One year,Bank transfer (automatic)
Female,5.4605495e-27,9.500823,87.55103,439.13803,Month-to-month,Credit card (automatic)
Female,0.0,5.986146,86.61998,337.5703,Month-to-month,Credit card (automatic)
Male,0.0,31.79398,101.82424,3679.9907,One year,Bank transfer (automatic)
Female,3.0196723e-30,8.628994,95.98811,438.97272,Month-to-month,Credit card (automatic)
Male,0.0,28.081326,90.46929,2789.3765,One year,Bank transfer (automatic)
Female,0.0,9.186481,26.996473,297.95398,One year,Bank transfer (automatic)
Male,8.562071e-31,41.601044,108.317535,4795.916,One year,Bank transfer (automatic)
Male,0.0,20.137184,55.332096,1085.689,One year,Credit card (automatic)
Female,2.1162818e-22,26.401764,77.62425,2198.7395,One year,Bank transfer (automatic)
Male,0.0,17.528784,46.490448,743.88934,One year,Credit card (automatic)
Male,6.305933e-39,48.647587,113.56217,5854.4243,One year,Bank transfer (automatic)
Female,0.0,1.0139967,55.57534,18.84451,Month-to-month,Credit card (automatic)
Male,2.5564703e-18,40.45479,104.49536,4348.638,One year,Credit card (automatic)
Female,0.40388036,40.376667,95.15541,3918.7517,One year,Credit card (automatic)
Male,0.0,11.545427,77.38627,1014.7672,One year,Credit card (automatic)
Male,0.0,18.141018,45.455196,935.66565,One year,Bank transfer (automatic)
Male,0.0,41.923134,108.51886,4580.618,One year,Bank transfer (automatic)
Male,0.0,2.8756185,78.530304,154.95387,Month-to-month,Credit card (automatic)
Female,0.337725,38.456028,101.000175,3617.3794,One year,Credit card (automatic)
Female,2.3189507e-36,1.6576145,68.825966,27.643402,Month-to-month,Credit card (automatic)
Male,0.0,2.975618,63.473755,85.301346,Month-to-month,Credit card (automatic)
Female,2.7765605e-16,13.463422,104.86494,1027.4395,Month-to-month,Credit card (automatic)
Male,9.2649155e-37,2.5478017,71.963524,62.88475,Month-to-month,Credit card (automatic)
Male,1.5137668e-36,20.611912,100.57569,1944.275,Month-to-month,Credit card (automatic)
Female,0.0,8.768748,27.008148,336.6097,One year,Bank transfer (automatic)
Male,0.0,6.683137,84.062836,368.5075,Month-to-month,Credit card (automatic)
Female,0.0,17.858358,67.00087,1012.3569,One year,Credit card (automatic)
Female,0.0,15.32875,48.40492,628.99036,One year,Credit card (automatic)
Female,0.0,1.5695347,76.39501,30.598505,Month-to-month,Credit card (automatic)
Male,0.0,26.795635,89.690186,2551.0447,One year,Credit card (automatic)
Female,2.5513196e-16,46.872707,106.897064,4822.9746,One year,Bank transfer (automatic)
Female,1.991243e-37,23.827698,88.4235,1797.1097,One year,Credit card (automatic)
Female,0.0,1.0169364,44.723785,18.846405,Month-to-month,Credit card (automatic)
